<?xml version="1.0" encoding="UTF-8" ?>
<!DOCTYPE configuration
        PUBLIC "-//mybatis.org//DTD Config 3.0//EN"
        "http://mybatis.org/dtd/mybatis-3-config.dtd">
<configuration>

    <settings>
        <setting name="logImpl" value="STDOUT_LOGGING"/>
    </settings>

    <environments default="mydev">
        <environment id="mydev">
            <transactionManager type="JDBC"/>
            <dataSource type="POOLED">
                <property name="driver" value="com.mysql.cj.jdbc.Driver"/>
                <property name="url" value="jdbc:mysql://localhost:3306/test?useSSL=false&amp;serverTimezone=UTC"/>
                <property name="username" value="root"/>
                <property name="password" value="asdqwe123c360"/>
            </dataSource>
        </environment>
    </environments>
    <mappers>
        <mapper resource=""/>
    </mappers>
</configuration>